{"train_errors": [0.1521355277185501, 0.09603211620469088, 0.0881030117270789, 0.08277252132196167, 0.07857476012793174, 0.07760860874200426, 0.07532649253731338, 0.07514325692963753, 0.07612606609808104, 0.0740771588486141, 0.0744269722814499, 0.07281116737739868, 0.07349413646055436, 0.07256130063965882, 0.07209488272921105, 0.07669243070362475, 0.07522654584221744, 0.07534315031982941, 0.07392723880597019, 0.07119536247334757], "final_test_error": 0.010499999999999954}