{"train_errors": [0.0927, 0.02901666666666669, 0.02296666666666669, 0.01931666666666665, 0.016966666666666685, 0.015383333333333304, 0.014483333333333293, 0.013366666666666638, 0.01213333333333333, 0.011316666666666642, 0.010716666666666708, 0.010466666666666624, 0.010116666666666663, 0.010016666666666674, 0.009233333333333316, 0.008700000000000041, 0.008549999999999947, 0.008050000000000002, 0.007933333333333348, 0.007549999999999946], "final_test_error": 0.010600000000000054}